P0,Q0,V0,MA,RHO,T0,RE,ALFA,BETA,CL,CD,CM25,CYAW,CROLL,CY
0.9314420803782468,1.0,0.846153846153868,0.0,0.7692307692307736,0.25213675213674946,0.8461538461538467,0.012444160816847516,0.0,0.19730048928631683,0.30732372258251067,0.3563557349060996,0.0,0.0,0.7112903225806451
0.9172576832151265,0.9372549019607845,0.794871794871824,0.0,0.7692307692307736,0.2948717948717956,0.7692307692307665,0.04881940012763242,0.0,0.26262864855744894,0.27394770539881863,0.3097371354394481,0.0,0.0,0.6951612903225807
0.9078014184397034,0.9058823529411768,0.794871794871824,0.0,0.6923076923076934,0.3376068376068133,0.7307692307692264,0.08679004467134652,0.0,0.35390585456386026,0.23396257590152425,0.2540882987879729,0.4107142857142857,0.3258547008547008,0.6306451612903226
0.9007092198581574,0.9058823529411768,0.846153846153868,0.0,0.6923076923076934,0.36752136752133424,0.7307692307692264,0.12156987874920228,0.0,0.3971317698667116,0.2451980668346483,0.2579261495915228,0.5535714285714286,0.5309829059829059,0.6177419354838709
0.9054373522458548,0.8117647058823536,0.74358974358978,0.0,0.6923076923076934,0.4102564102564088,0.6923076923076934,0.1557115507338864,0.0,0.4340813227602497,0.2646949481597753,0.26492458340976116,0.625,0.6762820512820512,0.6112903225806452
0.9054373522458548,0.8117647058823536,0.692307692307736,0.0,0.6153846153846274,0.43162393162393187,0.6538461538461462,0.18985322271857052,0.0,0.4679939261008942,0.2858441075633029,0.27011696979103467,0.6607142857142857,0.736111111111111,0.614516129032258
0.9030732860520061,0.8117647058823536,0.74358974358978,0.0,0.6153846153846274,0.45726495726495386,0.6538461538461462,0.22431397574984044,0.0,0.5063607221191159,0.31558511297451364,0.2714715053687582,0.6607142857142857,0.7788461538461537,0.6080645161290322
0.9054373522458548,0.7490196078431381,0.692307692307736,0.0,0.6153846153846274,0.4786324786324485,0.6153846153846132,0.25845564773452456,0.0,0.5398683988527079,0.3423520178446033,0.2792600849406685,0.625,0.7959401709401709,0.6177419354838709
0.9030732860520061,0.7490196078431381,0.74358974358978,0.0,0.6153846153846274,0.4999999999999716,0.6153846153846132,0.29259731971920866,0.0,0.5722287835329846,0.37143211202445375,0.2846782272515626,0.5892857142857143,0.8301282051282051,0.6177419354838709
0.9078014184397034,0.7490196078431381,0.692307692307736,0.0,0.6153846153846274,0.5128205128204968,0.5769230769230731,0.3264199106573069,0.0,0.6047916315167875,0.40282539551406504,0.28806456619587145,0.5535714285714286,0.8899572649572649,0.6306451612903226
0.9054373522458548,0.7176470588235304,0.692307692307736,0.0,0.6153846153846274,0.5341880341880483,0.5769230769230731,0.36056158264199106,0.0,0.6364771385186434,0.4358709570820769,0.2919024169994215,0.5178571428571429,0.9497863247863247,0.6241935483870967
0.9054373522458548,0.6235294117647072,0.589743589743648,0.0,0.538461538461533,0.6324786324786089,0.4999999999999929,0.4285258455647734,0.0,0.6981947022102243,0.5059275476062621,0.29788494913436714,0.375,0.9754273504273503,0.6338709677419354
0.9030732860520061,0.6235294117647072,0.692307692307736,0.0,0.538461538461533,0.649572649572633,0.4999999999999929,0.4964901084875558,0.0,0.7612282773747258,0.5872196290635714,0.2949501220492995,0.48214285714285715,1.0,0.5016129032258064
0.9030732860520061,0.5921568627450995,0.589743589743648,0.0,0.461538461538467,0.6709401709401845,0.4615384615384599,0.5641352903637523,0.0,0.821494854057702,0.6754512784501632,0.2929183186827142,0.5178571428571429,1.0,0.3951612903225806
0.9030732860520061,0.4980392156862763,0.43589743589751606,0.0,0.461538461538467,0.6837606837606813,0.4230769230769198,0.6317804722399489,0.0,0.8785895056521005,0.7669874839935561,0.2922410508938524,0.4107142857142857,1.0,0.3790322580645161
0.9101654846335521,0.529411764705884,0.48717948717956006,0.0,0.461538461538467,0.6965811965812065,0.4230769230769198,0.6991065730695596,0.0,0.933220853720263,0.863810979387831,0.28908046787916414,0.375,1.0,0.3532258064516129
0.9101654846335521,0.5921568627450995,0.692307692307736,0.0,0.461538461538467,0.7094017094017033,0.4230769230769198,0.7329291640076578,0.0,0.958090096170069,0.9130488661241687,0.2859198848644759,0.30357142857142855,1.0,0.3403225806451613
0.9101654846335521,0.5921568627450995,0.692307692307736,0.0,0.461538461538467,0.7264957264957275,0.4230769230769198,0.7664326738991702,0.0,0.9824531803610594,0.9636085753232269,0.2824206679553568,0.26785714285714285,1.0,0.33064516129032256
0.9172576832151265,0.529411764705884,0.538461538461604,0.0,0.461538461538467,0.7393162393162243,0.3846153846153868,0.7992980216975112,0.0,0.9999999999999999,1.0,0.28377520353308033,0.30357142857142855,0.9497863247863247,0.23709677419354838
0.9763593380614566,0.5607843137254918,0.6410256410257489,0.0,0.461538461538467,0.7606837606837473,0.3846153846153868,0.8273771537970643,0.0,0.9413531297452336,1.0,0.22598168555020953,0.5535714285714286,0.0,0.0
0.9881796690307283,0.4980392156862763,0.538461538461604,0.0,0.461538461538467,0.7777777777777715,0.3846153846153868,0.8599234205488193,0.0,0.9487092964400201,1.0,0.20882423489904478,0.8035714285714286,0.0,0.0
1.0,0.46666666666666856,0.48717948717956006,0.0,0.461538461538467,0.7820512820512704,0.3461538461538396,0.8921506062539885,0.0,0.9533322085372025,1.0,0.1958432689458609,1.0,0.0,0.0
0.9929078014184256,0.0,0.0,0.0,0.461538461538467,0.7948717948717672,0.1153846153846203,0.9250159540523292,0.0,0.9699341994263538,1.0,0.17687977085773143,0.9464285714285714,0.0,0.0
0.7352245862884104,0.8745098039215691,0.48717948717956006,0.0,0.8461538461538538,0.047008547008516643,0.8846153846153797,0.00350989151244413,0.0,0.06546313480681626,0.4094345078276673,0.5383150141802944,0.0,0.05235042735042733,0.9403225806451613
0.730496453900713,0.8117647058823536,0.43589743589751606,0.0,0.8461538461538538,0.0897435897435912,0.8461538461538467,0.035098915124441576,0.0,0.06293234351273831,0.36482299971085136,0.5354930650600369,0.0,0.41132478632478625,1.0
0.7163120567375927,0.8431372549019613,0.48717948717956006,0.0,0.7692307692307736,0.1153846153846132,0.8076923076922995,0.06732610082961071,0.0,0.05874810190652943,0.2977405097277872,0.5219477092828017,0.5178571428571429,0.3429487179487179,0.582258064516129
0.7068557919621696,0.6862745098039227,0.23076923076928324,0.0,0.7692307692307736,0.14529914529913412,0.7692307692307665,0.09987236758136567,0.0,0.06731904842247342,0.22404890743112066,0.5095311331536692,0.9821428571428572,0.27457264957264954,0.39838709677419354
0.6997635933805952,0.8117647058823536,0.538461538461604,0.0,0.7692307692307736,0.15384615384613198,0.8076923076922995,0.1333758774728781,0.0,0.08942129239075416,0.17018464207526124,0.508289475540756,0.5892857142857143,0.4882478632478632,0.614516129032258
0.6784869976359289,0.7176470588235304,0.3333333333334281,0.0,0.7692307692307736,0.17094017094015612,0.7692307692307665,0.16528398213146137,0.0,0.10133288341488103,0.0836052707670701,0.5029842111946721,0.5535714285714286,0.4626068376068375,0.5725806451612903
0.6737588652482316,0.7490196078431381,0.43589743589751606,0.0,0.7692307692307736,0.1837606837606529,0.7692307692307665,0.1994256541161455,0.0,0.1268770035431078,0.05254244289313893,0.515965177147856,0.5535714285714286,0.49679487179487175,0.5661290322580645
0.6666666666666572,0.7176470588235304,0.3846153846154152,0.0,0.6923076923076934,0.20085470085467705,0.7307692307692264,0.26643267389917036,0.0,0.18555761768179516,0.04163740757569499,0.5432816446319473,0.48214285714285715,0.49679487179487175,0.5983870967741935
0.6713947990543545,0.7490196078431381,0.48717948717956006,0.0,0.6923076923076934,0.22222222222220012,0.7307692307692264,0.3350350989151244,0.0,0.24859119284629658,0.04362014126977572,0.5677761629957812,0.3392857142857143,0.5138888888888888,0.6209677419354839
0.6690307328605059,0.7176470588235304,0.3846153846154152,0.0,0.6923076923076934,0.23931623931622426,0.6923076923076934,0.40331844288449265,0.0,0.3114897924751138,0.0574992771283407,0.5856108814358076,0.30357142857142855,0.49679487179487175,0.6370967741935484
0.6666666666666572,0.654901960784315,0.3333333333334281,0.0,0.6923076923076934,0.2606837606837473,0.6923076923076934,0.47064454371410336,0.0,0.37310612451493164,0.0819529926886695,0.601413796509249,0.4464285714285714,0.4882478632478632,0.5951612903225806
0.6784869976359289,0.6862745098039227,0.43589743589751606,0.0,0.6923076923076934,0.2863247863247693,0.6923076923076934,0.5386088066368857,0.0,0.4342837860637758,0.11665083233508201,0.6107826675885034,0.4464285714285714,0.49679487179487175,0.5951612903225806
0.6713947990543545,0.654901960784315,0.3846153846154152,0.0,0.6923076923076934,0.3076923076922924,0.6538461538461462,0.6056158264199106,0.0,0.49269444913109495,0.1615927960675782,0.6182326132659828,0.5892857142857143,0.4455128205128205,0.5403225806451613
0.687943262411352,0.6862745098039227,0.43589743589751606,0.0,0.6923076923076934,0.31623931623929025,0.6538461538461462,0.6403956604977664,0.0,0.5210055677408469,0.18736833409062748,0.6220704640695328,0.5892857142857143,0.4369658119658119,0.5306451612903226
0.687943262411352,0.5921568627450995,0.3333333333334281,0.0,0.6153846153846274,0.32905982905981546,0.6153846153846132,0.6732610082961071,0.0,0.5472245655474944,0.21413523896071712,0.625569680978652,0.625,0.4455128205128205,0.5016129032258064
0.6903073286052006,0.6862745098039227,0.48717948717956006,0.0,0.6153846153846274,0.3333333333333144,0.6538461538461462,0.7074026802807913,0.0,0.5731736122827736,0.2432153331405676,0.6279401182396681,0.625,0.4198717948717948,0.482258064516129
0.6832151300236262,0.6235294117647072,0.3846153846154152,0.0,0.6153846153846274,0.34188034188031224,0.6153846153846132,0.7409061901723037,0.0,0.5962544288847645,0.27394770539881863,0.6295204097470123,0.6607142857142857,0.4198717948717948,0.4629032258064516
0.6997635933805952,0.6235294117647072,0.3846153846154152,0.0,0.6153846153846274,0.35470085470083745,0.6153846153846132,0.7734524569240586,0.0,0.6166694786569933,0.3066628113511504,0.6297461656766328,0.6964285714285714,0.42841880341880334,0.40483870967741936
0.7092198581560183,0.6235294117647072,0.3846153846154152,0.0,0.6153846153846274,0.36752136752133424,0.6153846153846132,0.8079132099553286,0.0,0.6349586637421967,0.3466479408484448,0.6277143623100475,0.6607142857142857,0.42841880341880334,0.38548387096774195
0.7163120567375927,0.6235294117647072,0.43589743589751606,0.0,0.6153846153846274,0.3760683760683605,0.6153846153846132,0.8401403956604977,0.0,0.6502108992745065,0.3866330703457392,0.6265855826619446,0.6964285714285714,0.40277777777777773,0.3596774193548387
0.7328605200945617,0.5607843137254918,0.23076923076928324,0.0,0.6153846153846274,0.38888888888888573,0.5769230769230731,0.8710912571793236,0.0,0.6446431584275348,0.46296831756784673,0.6204901725621887,0.4107142857142857,0.0,0.16935483870967744
0.7423167848699563,0.5607843137254918,0.2820512820513841,0.0,0.6153846153846274,0.39316239316238466,0.5769230769230731,0.9029993618379067,0.0,0.6340475788763286,0.5452517658721964,0.6159750539697769,0.7678571428571429,0.17200854700854698,0.33064516129032256
0.7494089834515307,0.529411764705884,0.2820512820513841,0.0,0.6153846153846274,0.40598290598290987,0.5769230769230731,0.9345883854499042,0.0,0.636983296777459,0.6086992440827792,0.6137174946735711,0.6964285714285714,0.2147435897435897,0.3532258064516129
0.7659574468084998,0.5921568627450995,0.3846153846154152,0.0,0.6153846153846274,0.41452991452990773,0.5769230769230731,0.9661774090619016,0.0,0.6362071874472751,0.6737990003717625,0.6132659828143299,0.6964285714285714,0.0010683760683760646,0.32741935483870965
0.6312056737588705,0.9372549019607845,0.692307692307736,0.0,0.7692307692307736,0.042735042735017714,0.8846153846153797,0.0,0.0,0.0007423654462628548,0.4771779090420918,1.0,0.0,0.1976495726495726,0.9403225806451613
0.6288416075649934,0.8431372549019613,0.538461538461604,0.0,0.7692307692307736,0.08547008547006385,0.8461538461538467,0.03158902361199745,0.0,0.0,0.43124457846255526,1.0,0.0,0.36858974358974356,1.0
0.6217494089834474,0.8117647058823536,0.538461538461604,0.0,0.7692307692307736,0.1153846153846132,0.8076923076922995,0.0628589661774091,0.0,0.000641133794499732,0.3611879879383701,1.0,0.4107142857142857,0.3429487179487179,0.5854838709677419
0.6028368794326013,0.7176470588235304,0.3846153846154152,0.0,0.7692307692307736,0.1410256410256352,0.7692307692307665,0.09604339502233566,0.0,0.015353467184072891,0.27758271717129995,1.0,0.7678571428571429,0.4455128205128205,0.5048387096774194
0.5933806146572067,0.7176470588235304,0.3846153846154152,0.0,0.6923076923076934,0.15384615384613198,0.7307692307692264,0.12922782386726228,0.0,0.03995275856251053,0.21314387211367675,1.0,0.6607142857142857,0.5138888888888888,0.5370967741935484
0.5768321513002377,0.7176470588235304,0.43589743589751606,0.0,0.6923076923076934,0.17094017094015612,0.7307692307692264,0.16336949585194638,0.0,0.05969293065631853,0.12127721095460366,0.963300551691053,0.3392857142857143,0.5224358974358974,0.5790322580645161
0.5106382978723332,0.7176470588235304,0.48717948717956006,0.0,0.6923076923076934,0.1837606837606529,0.7307692307692264,0.196553924696873,0.0,0.0871267082841235,0.08063117022594903,0.9293242842831544,0.48214285714285715,0.5309829059829059,0.5370967741935484
0.572104018912512,0.654901960784315,0.3333333333334281,0.0,0.6923076923076934,0.19658119658117812,0.6923076923076934,0.26515634971282703,0.0,0.15582925594735952,0.06014292205378165,0.8636293087635629,0.3392857142857143,0.5224358974358974,0.6016129032258064
0.5697399527186633,0.7176470588235304,0.48717948717956006,0.0,0.6923076923076934,0.21367521367520226,0.7307692307692264,0.33375877472878107,0.0,0.22686013160114726,0.057168821512660575,0.7968055535958687,0.26785714285714285,0.5566239316239315,0.6274193548387097
0.565011820330966,0.654901960784315,0.3846153846154152,0.0,0.6923076923076934,0.2307692307692264,0.6923076923076934,0.40236119974473517,0.0,0.29768854395140876,0.06675203436738404,0.730659066217036,0.23214285714285715,0.548076923076923,0.6306451612903226
0.5697399527186633,0.6235294117647072,0.3333333333334281,0.0,0.6923076923076934,0.2435897435897516,0.6538461538461462,0.47000638162093167,0.0,0.3668635059895393,0.09120574992771281,0.660448972105033,0.30357142857142855,0.5309829059829059,0.5983870967741935
0.5200945626477562,0.654901960784315,0.43589743589751606,0.0,0.6153846153846274,0.26495726495724625,0.6538461538461462,0.5386088066368857,0.0,0.43607221191159096,0.1298690569622868,0.5853851255061872,0.4107142857142857,0.5224358974358974,0.5790322580645161
0.5768321513002377,0.654901960784315,0.43589743589751606,0.0,0.6153846153846274,0.2820512820512704,0.6538461538461462,0.6072112316528397,0.0,0.5030200776109329,0.18142013300838533,0.5056932823501192,0.48214285714285715,0.4711538461538461,0.5370967741935484
0.5768321513002377,0.5921568627450995,0.3846153846154152,0.0,0.6153846153846274,0.2948717948717956,0.6153846153846132,0.641033822590938,0.0,0.5347055846127889,0.21116113841959605,0.46471858112398234,0.5535714285714286,0.4626068376068375,0.5048387096774194
0.5744680851063606,0.5921568627450995,0.3333333333334281,0.0,0.6153846153846274,0.30341880341879346,0.6153846153846132,0.6748564135290364,0.0,0.5649063607221191,0.2432153331405676,0.4243082697218969,0.5892857142857143,0.4711538461538461,0.482258064516129
0.5768321513002377,0.5607843137254918,0.2820512820513841,0.0,0.6153846153846274,0.3119658119657913,0.6153846153846132,0.7086790044671346,0.0,0.5939598447781339,0.2782436284026602,0.3831078125661394,0.5892857142857143,0.42841880341880334,0.4790322580645161
0.5768321513002377,0.5607843137254918,0.3333333333334281,0.0,0.6153846153846274,0.3247863247863165,0.6153846153846132,0.742182514358647,0.0,0.6210224396828075,0.31558511297451364,0.34055281983265845,0.625,0.454059829059829,0.45322580645161287
0.5768321513002377,0.5921568627450995,0.3333333333334281,0.0,0.6153846153846274,0.32905982905981546,0.6153846153846132,0.7763241863433312,0.0,0.6459591699004554,0.3575529761658887,0.29077363735131856,0.6607142857142857,0.4455128205128205,0.40161290322580645
0.581560283687935,0.5607843137254918,0.3333333333334281,0.0,0.6153846153846274,0.3376068376068133,0.6153846153846132,0.8098276962348436,0.0,0.6673865361903154,0.4034863067454252,0.24076869894035807,0.6964285714285714,0.4455128205128205,0.3693548387096774
0.5862884160756323,0.529411764705884,0.2820512820513841,0.0,0.6153846153846274,0.3504273504273385,0.5769230769230731,0.8420548819400128,0.0,0.6853045385523873,0.44875872609360157,0.20792121118056245,0.625,0.4369658119658119,0.3564516129032258
0.6052009456264784,0.5607843137254918,0.3333333333334281,0.0,0.6153846153846274,0.3632478632478353,0.5769230769230731,0.873962986598596,0.0,0.6846296608739665,0.5350076417861126,0.14312925937945342,0.3392857142857143,0.0,0.1596774193548387
0.6264775413711448,0.46666666666666856,0.1282051282052521,0.0,0.6153846153846274,0.3717948717948616,0.5384615384615401,0.9058710912571792,0.0,0.6786569934199425,0.6391011607253501,0.08375544988923855,0.6607142857142857,0.14636752136752135,0.3016129032258065
0.6359338061465678,0.4980392156862763,0.23076923076928324,0.0,0.6153846153846274,0.3846153846153868,0.5384615384615401,0.9380982769623484,0.0,0.6851358191327821,0.7210541534140196,0.037023972457776666,0.6964285714285714,0.12927350427350426,0.31451612903225806
0.6548463356973855,0.4980392156862763,0.23076923076928324,0.0,0.6153846153846274,0.39316239316238466,0.5384615384615401,0.9696873005743458,0.0,0.6845621731061244,0.8010244124086084,0.0,0.5535714285714286,0.12927350427350426,0.3532258064516129
0.2056737588652311,0.5607843137254918,0.74358974358978,0.0,0.3846153846153868,0.4230769230769056,0.4999999999999929,0.00478621569878751,0.0,0.09066981609583262,0.3578834317815689,0.5149492754645634,0.625,0.42841880341880334,0.646774193548387
0.17966903073283902,0.529411764705884,0.794871794871824,0.0,0.3076923076923066,0.48290598290597586,0.4615384615384599,0.07370772176132734,0.0,0.15657162139362238,0.23297120905448387,0.4403369407249587,0.7321428571428572,0.4369658119658119,0.8306451612903225
0.15366430260047537,0.529411764705884,0.846153846153868,0.0,0.3076923076923066,0.5128205128204968,0.4230769230769198,0.1490108487555839,0.0,0.33096001349755355,0.13879135858564995,0.34551945028431136,0.7678571428571429,0.5053418803418803,0.6661290322580645
0.14893617021274963,0.43529411764706083,0.692307692307736,0.0,0.3076923076923066,0.5384615384615472,0.3846153846153868,0.21761327377153794,0.0,0.40765986165007584,0.16621917468709985,0.35375954171546287,0.8035714285714286,0.5138888888888888,0.6661290322580645
0.15602836879432402,0.4039215686274531,0.692307692307736,0.0,0.3076923076923066,0.5641025641025692,0.3461538461538396,0.28685386088066367,0.0,0.48135650413362574,0.20950886034119542,0.3619996331466143,0.7678571428571429,0.5224358974358974,0.6758064516129032
0.15602836879432402,0.43529411764706083,0.74358974358978,0.0,0.2307692307692264,0.5854700854700639,0.3461538461538396,0.3548181238034461,0.0,0.5497553568415724,0.2646949481597753,0.3701268466129556,0.6607142857142857,0.5822649572649572,0.6661290322580645
0.15366430260047537,0.34117647058823763,0.589743589743648,0.0,0.2307692307692264,0.6153846153846132,0.3076923076923066,0.4227823867262284,0.0,0.6155221866036781,0.3281424263703582,0.37373894148688497,0.5892857142857143,0.625,0.6596774193548387
0.15602836879432402,0.3098039215686299,0.589743589743648,0.0,0.2307692307692264,0.6623931623931583,0.2692307692307736,0.49617102744096997,0.0,0.6785220178842584,0.4011731174356645,0.363015534829907,0.48214285714285715,0.6506410256410255,0.6177419354838709
0.16075650118202134,0.3098039215686299,0.6410256410257489,0.0,0.2307692307692264,0.7008547008547055,0.2692307692307736,0.5599872367581366,0.0,0.7402395815758392,0.48081292081457305,0.37227152794435114,0.5535714285714286,0.6848290598290598,0.5693548387096774
0.16548463356971865,0.24705882352941444,0.538461538461604,0.0,0.1538461538461604,0.7307692307692264,0.2307692307692264,0.6317804722399489,0.0,0.7981778302682637,0.566731380891404,0.366063239879785,0.6607142857142857,0.7104700854700854,0.39838709677419354
0.16312056737587,0.24705882352941444,0.538461538461604,0.0,0.1538461538461604,0.7478632478632505,0.1923076923076934,0.6608168474792597,0.0,0.8305719588324615,0.6159692676277417,0.3782540600792968,0.7321428571428572,0.7104700854700854,0.3370967741935484
0.16548463356971865,0.2156862745098067,0.538461538461604,0.0,0.1538461538461604,0.7692307692307452,0.1923076923076934,0.6994256541161454,0.0,0.8554074573983464,0.6592589532818373,0.36233826704104527,0.7678571428571429,0.7104700854700854,0.3403225806451613
0.16784869976359573,0.2156862745098067,0.538461538461604,0.0,0.1538461538461604,0.7863247863247693,0.1923076923076934,0.7329291640076578,0.0,0.8805129070355997,0.7061836507084143,0.35804890437825404,0.7321428571428572,0.6848290598290598,0.3403225806451613
0.17257683215129305,0.12156862745098351,0.3846153846154152,0.0,0.1538461538461604,0.8119658119658197,0.1153846153846203,0.7664326738991702,0.0,0.9035262358697485,0.7524474369036309,0.3556784671172379,0.7321428571428572,0.6933760683760684,0.3338709677419355
0.1702127659574444,0.15294117647059124,0.48717948717956006,0.0,0.07692307692306599,0.8333333333333428,0.1153846153846203,0.799617102744097,0.0,0.9222540914459253,0.7983807674831673,0.35364666375065257,0.6964285714285714,0.625,0.31129032258064515
0.19858156028368512,0.2156862745098067,0.589743589743648,0.0,0.07692307692306599,0.8418803418803407,0.1538461538461533,0.8296107211231653,0.0,0.8927281930150159,1.0,0.30488338295260536,0.6607142857142857,0.0,0.0
0.23877068557919756,0.18431372549019898,0.538461538461604,0.0,0.07692307692306599,0.8547008547008659,0.1153846153846203,0.8611997447351626,0.0,0.8867217816770709,1.0,0.28174340016649496,0.8035714285714286,0.0,0.0
0.24586288416074353,0.15294117647059124,0.48717948717956006,0.0,0.07692307692306599,0.8717948717948616,0.1153846153846203,0.8937460114869177,0.0,0.8976210561835667,1.0,0.2727131629816714,0.6964285714285714,0.0,0.0
0.26950354609928695,0.37254901960784537,0.948717948717956,0.0,0.07692307692306599,0.8760683760683605,0.1923076923076934,0.9186343331206125,0.0,0.7938248692424498,1.0,0.3675306534223188,0.3392857142857143,0.08653846153846151,0.3758064516129032
0.19858156028368512,0.18431372549019898,0.692307692307736,0.0,0.07692307692306599,0.9059829059828814,0.1153846153846203,0.00031908104658584513,0.0,0.09191833980091108,0.36184889916973023,0.4966630451652957,0.30357142857142855,0.39423076923076916,0.7209677419354839
0.19621749408983646,0.24705882352941444,0.794871794871824,0.0,0.07692307692306599,0.9145299145299077,0.1153846153846203,0.03828972559029992,0.0,0.10814914796693098,0.3178983022842745,0.4593004388130882,0.26785714285714285,0.24893162393162388,0.6725806451612903
0.18439716312056476,0.18431372549019898,0.74358974358978,0.0,0.0,0.9273504273504045,0.0769230769230731,0.07211231652839822,0.0,0.1357179011304201,0.2607294807716139,0.4313067035401352,0.5178571428571429,0.5224358974358974,0.8241935483870968
0.15839243498817268,0.12156862745098351,0.589743589743648,0.0,0.0,0.9316239316239034,0.0384615384615401,0.11327377153797064,0.0,0.2757550194027332,0.14837457144037342,0.3161711794336348,0.4464285714285714,0.5993589743589742,0.682258064516129
0.15839243498817268,0.15294117647059124,0.692307692307736,0.0,0.0,0.9487179487179276,0.0769230769230731,0.10848755583918315,0.0,0.27916315167875816,0.14573092651493247,0.3250885386536481,0.5178571428571429,0.625,0.7306451612903225
0.15366430260047537,0.18431372549019898,0.74358974358978,0.0,0.0,0.9572649572649539,0.0769230769230731,0.14773452456924058,0.0,0.31884595916990044,0.14837457144037342,0.3105272811931201,0.48214285714285715,0.6079059829059829,0.7016129032258065
0.15366430260047537,0.09019607843137578,0.589743589743648,0.0,0.0,0.9700854700854791,0.0384615384615401,0.18251435864709634,0.0,0.36102581407119955,0.16192325168325833,0.318541616694651,0.5178571428571429,0.625,0.6854838709677419
0.15366430260047537,0.15294117647059124,0.692307692307736,0.0,0.0,0.9829059829059759,0.0384615384615401,0.21665603063178046,0.0,0.39615319723300146,0.17315874261638237,0.31910600651870247,0.5178571428571429,0.625,0.6983870967741935
0.14893617021274963,0.15294117647059124,0.74358974358978,0.0,0.0,0.9871794871795032,0.0384615384615401,0.24633056796426292,0.0,0.4369158090096169,0.1962906357139907,0.33479604362733345,0.48214285714285715,0.6506410256410255,0.6983870967741935
0.14893617021274963,0.09019607843137578,0.589743589743648,0.0,0.0,0.9957264957265011,0.0,0.28557753669432034,0.0,0.47167200944828747,0.21876161758023877,0.32531429458326866,0.4107142857142857,0.6335470085470085,0.6919354838709677
0.14657210401890097,0.09019607843137578,0.589743589743648,0.0,0.0,1.0,0.0,0.3200382897255903,0.0,0.5087227939935887,0.24618943368168866,0.33073243689416276,0.4107142857142857,0.7019230769230769,0.7016129032258065
0.9479905437352159,0.8117647058823536,0.2820512820513841,0.0,0.8461538461538538,0.1410256410256352,0.8461538461538467,0.003828972559029975,0.0,0.06434958663742196,0.40414721797678554,0.5471194954354973,0.0,0.05235042735042733,0.7435483870967742
0.9267139479905211,0.8745098039215691,0.48717948717956006,0.0,0.8461538461538538,0.17521367521365505,0.8461538461538467,0.035098915124441576,0.0,0.060266576682976206,0.3575529761658887,0.5439589124208091,0.0,0.454059829059829,0.814516129032258
0.9172576832151265,0.8117647058823536,0.3846153846154152,0.0,0.8461538461538538,0.19658119658117812,0.8076923076922995,0.06700701978302487,0.0,0.05395647038974184,0.2911313974141848,0.5310908244324355,0.48214285714285715,0.3258547008547008,0.5241935483870968
0.9054373522458548,0.8117647058823536,0.43589743589751606,0.0,0.7692307692307736,0.2179487179487012,0.7692307692307665,0.099234205488194,0.0,0.06542939092289521,0.21843116196455864,0.5185613703384928,0.5535714285714286,0.5822649572649572,0.5854838709677419
0.8912529550827344,0.8431372549019613,0.538461538461604,0.0,0.7692307692307736,0.23504273504272533,0.7692307692307665,0.13273771537970644,0.0,0.08702547663236038,0.15597505060101613,0.5156265432534252,0.5178571428571429,0.548076923076923,0.5661290322580645
0.8179669030732839,0.8431372549019613,0.589743589743648,0.0,0.7692307692307736,0.24786324786325054,0.7692307692307665,0.16560306317804724,0.0,0.10136662729880208,0.07732661406914786,0.5120144483794957,0.48214285714285715,0.5138888888888888,0.5467741935483871
0.8794326241134627,0.8117647058823536,0.48717948717956006,0.0,0.7692307692307736,0.2606837606837473,0.7692307692307665,0.19910657306955967,0.0,0.12640458916821323,0.046924697426576886,0.5244310245086281,0.5535714285714286,0.548076923076923,0.5661290322580645
0.88416075650116,0.8117647058823536,0.48717948717956006,0.0,0.7692307692307736,0.2820512820512704,0.7307692307692264,0.26707083599234205,0.0,0.18650244643158426,0.035358750877772724,0.5503929564149959,0.5178571428571429,0.548076923076923,0.5854838709677419
0.8912529550827344,0.8117647058823536,0.538461538461604,0.0,0.7692307692307736,0.29914529914529453,0.7307692307692264,0.3347160178685386,0.0,0.24913109498903319,0.037671940187533545,0.5715011358345209,0.4107142857142857,0.5395299145299145,0.6080645161290322
0.8628841607564937,0.7176470588235304,0.43589743589751606,0.0,0.6923076923076934,0.31623931623929025,0.6923076923076934,0.4029993618379068,0.0,0.3117934874304032,0.05155107604609856,0.589561610204168,0.4107142857142857,0.5395299145299145,0.5983870967741935
0.8652482269503423,0.7176470588235304,0.3846153846154152,0.0,0.6923076923076934,0.3376068376068133,0.6923076923076934,0.47064454371410336,0.0,0.3740509532647207,0.07633524722210748,0.602203942262921,0.4107142857142857,0.5309829059829059,0.6048387096774194
0.843971631205676,0.7176470588235304,0.48717948717956006,0.0,0.6923076923076934,0.3589743589743364,0.6538461538461462,0.5382897255902999,0.0,0.435262358697486,0.11202445371556034,0.6082993523626768,0.4107142857142857,0.5138888888888888,0.5919354838709677
0.867612293144191,0.654901960784315,0.3333333333334281,0.0,0.6923076923076934,0.3760683760683605,0.6538461538461462,0.6059349074664965,0.0,0.4942129239075417,0.15696641744805656,0.6138303726383814,0.48214285714285715,0.47970085470085466,0.5596774193548387
0.8794326241134627,0.6862745098039227,0.43589743589751606,0.0,0.6923076923076934,0.38888888888888573,0.6538461538461462,0.6403956604977664,0.0,0.5224902986333727,0.18274195547110583,0.6163136878642078,0.48214285714285715,0.4626068376068375,0.5370967741935484
0.8747044917257654,0.6235294117647072,0.3333333333334281,0.0,0.6923076923076934,0.40170940170941094,0.6153846153846132,0.6745373324824505,0.0,0.5494854057702041,0.21016977157255567,0.6183454912307931,0.5178571428571429,0.454059829059829,0.5177419354838709
0.860520094562645,0.6235294117647072,0.3333333333334281,0.0,0.6923076923076934,0.40598290598290987,0.6153846153846132,0.7070835992342055,0.0,0.5743209043360891,0.23858895452104595,0.617555345477121,0.5178571428571429,0.4455128205128205,0.5048387096774194
0.860520094562645,0.654901960784315,0.43589743589751606,0.0,0.6153846153846274,0.41880341880340666,0.6153846153846132,0.7409061901723037,0.0,0.5977391597772903,0.26932132677929693,0.6182326132659828,0.5535714285714286,0.4369658119658119,0.4983870967741935
0.860520094562645,0.6235294117647072,0.3333333333334281,0.0,0.6153846153846274,0.4230769230769056,0.6153846153846132,0.7740906190172303,0.0,0.6183904167369664,0.3030277995786691,0.6155235421105357,0.5535714285714286,0.4455128205128205,0.4435483870967742
0.867612293144191,0.6235294117647072,0.3333333333334281,0.0,0.6153846153846274,0.43162393162393187,0.5769230769230731,0.806955966815571,0.0,0.6364433946347223,0.34103019538188273,0.6123629590958475,0.5892857142857143,0.4369658119658119,0.42096774193548386
0.8628841607564937,0.5921568627450995,0.3333333333334281,0.0,0.6153846153846274,0.44444444444442865,0.5769230769230731,0.8404594767070835,0.0,0.6522355323097688,0.3829980585732579,0.6085251082922974,0.5535714285714286,0.4198717948717948,0.40161290322580645
0.877068557919614,0.529411764705884,0.23076923076928324,0.0,0.6153846153846274,0.45299145299145493,0.5384615384615401,0.8720485003190809,0.0,0.6457567065969292,0.45933330579536535,0.601413796509249,0.16071428571428575,0.0,0.22741935483870968
0.9007092198581574,0.5607843137254918,0.2820512820513841,0.0,0.6153846153846274,0.4615384615384528,0.5769230769230731,0.9029993618379067,0.0,0.6384005399021426,0.5455822214878764,0.5944153626910107,0.5892857142857143,0.24038461538461536,0.3725806451612903
0.9101654846335521,0.5921568627450995,0.3333333333334281,0.0,0.6153846153846274,0.4743589743589496,0.5769230769230731,0.9355456285896617,0.0,0.6396153197233001,0.605394687925978,0.5921578033948047,0.5178571428571429,0.18055555555555552,0.38225806451612904
0.9243498817966724,0.5607843137254918,0.2820512820513841,0.0,0.6153846153846274,0.48290598290597586,0.5384615384615401,0.9671346522016591,0.0,0.636983296777459,0.6675203436738403,0.5920449254299944,0.5178571428571429,0.09508547008547005,0.39838709677419354
0.06619385342787609,0.6862745098039227,1.0,0.0,0.3846153846153868,0.30341880341879346,0.5769230769230731,0.00350989151244413,0.0,0.058106968112029686,0.4064604072865463,0.5524247597815811,0.0,0.8728632478632479,1.0
0.044917257683209755,0.5607843137254918,0.74358974358978,0.0,0.3846153846153868,0.35470085470083745,0.4999999999999929,0.06732610082961071,0.0,0.05736460266576682,0.2845222851005824,0.5322196040805385,0.125,0.6677350427350426,0.8338709677419355
0.026004728132392074,0.4980392156862763,0.692307692307736,0.0,0.3076923076923066,0.39316239316238466,0.4615384615384599,0.13305679642629226,0.0,0.08722793993588661,0.15531413936965593,0.5221734652124222,0.30357142857142855,0.5566239316239315,0.7306451612903225
0.004728132387697315,0.4980392156862763,0.74358974358978,0.0,0.3076923076923066,0.41452991452990773,0.4615384615384599,0.1997447351627313,0.0,0.12788932006073897,0.04163740757569499,0.5297362888547119,0.30357142857142855,0.5053418803418803,0.6854838709677419
0.004728132387697315,0.5607843137254918,0.8974358974359689,0.0,0.3076923076923066,0.43162393162393187,0.4615384615384599,0.26707083599234205,0.0,0.18785220178842582,0.03271510595233178,0.5579557800572855,0.3392857142857143,0.47970085470085466,0.6564516129032258
0.0,0.43529411764706083,0.6410256410257489,0.0,0.3076923076923066,0.4487179487179276,0.4230769230769198,0.3350350989151244,0.0,0.25054833811371685,0.035028295262092626,0.579628349300862,0.3392857142857143,0.47970085470085466,0.6790322580645161
0.0023640661938486573,0.4039215686274531,0.6410256410257489,0.0,0.3076923076923066,0.4743589743589496,0.3846153846153868,0.4029993618379068,0.0,0.31452674202800734,0.04890743112065761,0.5967857999520269,0.375,0.47970085470085466,0.6693548387096774
0.0,0.4039215686274531,0.6410256410257489,0.0,0.3076923076923066,0.4999999999999716,0.3846153846153868,0.4709636247606892,0.0,0.37776278049603507,0.07369160229666653,0.6068319388201431,0.375,0.4711538461538461,0.6241935483870967
0.0,0.46666666666666856,0.794871794871824,0.0,0.2307692307692264,0.5128205128204968,0.3846153846153868,0.5389278876834716,0.0,0.4394128564197739,0.11004172002147962,0.6157492980401563,0.4464285714285714,0.4455128205128205,0.6080645161290322
0.0023640661938486573,0.43529411764706083,0.74358974358978,0.0,0.2307692307692264,0.5299145299145209,0.3846153846153868,0.6068921506062539,0.0,0.5006580057364602,0.15861869552645713,0.6190227590196549,0.5535714285714286,0.40277777777777773,0.5532258064516129
0.007092198581545972,0.34117647058823763,0.589743589743648,0.0,0.2307692307692264,0.5427350427350461,0.3461538461538396,0.6742182514358647,0.0,0.556335414206175,0.21116113841959605,0.6245537792953593,0.625,0.39423076923076916,0.5209677419354839
0.007092198581545972,0.3098039215686299,0.538461538461604,0.0,0.2307692307692264,0.5555555555555429,0.3076923076923066,0.7086790044671346,0.0,0.5834992407626117,0.2442066999876079,0.6236507555768769,0.625,0.3771367521367521,0.5241935483870968
0.011820330969271708,0.34117647058823763,0.6410256410257489,0.0,0.2307692307692264,0.576923076923066,0.3076923076923066,0.7415443522654754,0.0,0.6075586299983128,0.2765913503242596,0.6204901725621887,0.625,0.3771367521367521,0.5048387096774194
0.011820330969271708,0.27843137254902217,0.538461538461604,0.0,0.2307692307692264,0.5854700854700639,0.3076923076923066,0.7750478621569878,0.0,0.6304707271806984,0.3116196455863522,0.6178939793715519,0.625,0.3429487179487179,0.41451612903225804
0.014184397163120366,0.34117647058823763,0.6410256410257489,0.0,0.2307692307692264,0.602564102564088,0.3076923076923066,0.8082322910019144,0.0,0.6506495697654799,0.34962204138956593,0.6147333963568636,0.6964285714285714,0.3173076923076923,0.3887096774193548
0.021276595744666338,0.34117647058823763,0.692307692307736,0.0,0.2307692307692264,0.6111111111110858,0.3076923076923066,0.8417358008934268,0.0,0.6699848152522354,0.3939030938907018,0.6106697896236931,0.7678571428571429,0.29166666666666663,0.3467741935483871
0.04018912529551244,0.37254901960784537,0.74358974358978,0.0,0.2307692307692264,0.6239316239316111,0.3076923076923066,0.8742820676451818,0.0,0.6775771891344693,0.49006567805361645,0.5813215187730165,0.6607142857142857,0.10363247863247863,0.21451612903225806
0.05673758865248146,0.3098039215686299,0.6410256410257489,0.0,0.2307692307692264,0.6324786324786089,0.2692307692307736,0.904594767070836,0.0,0.6516956301670321,0.5789582386715685,0.596447166057596,0.48214285714285715,0.0,0.3564516129032258
0.06855791962175317,0.2156862745098067,0.48717948717956006,0.0,0.1538461538461604,0.649572649572633,0.2307692307692264,0.9361837906828334,0.0,0.6583769191833979,0.6457102730389525,0.5886585864856857,0.4107142857142857,0.11217948717948714,0.3661290322580645
0.08037825059099646,0.2156862745098067,0.43589743589751606,0.0,0.1538461538461604,0.653846153846132,0.2307692307692264,0.9684109763880026,0.0,0.6561160789606882,0.7045313726300136,0.5899002440985989,0.4464285714285714,0.26602564102564097,0.35
0.09219858156026817,0.24705882352941444,0.538461538461604,0.0,0.1538461538461604,0.6752136752136835,0.2307692307692264,0.9999999999999999,0.0,0.6569596760587143,0.774918418769879,0.5870782949783415,0.5178571428571429,0.7190170940170939,0.3596774193548387
0.9976359338061513,1.0,0.48717948717956006,0.0,1.0,0.0,1.0,0.004148053605615876,0.0,0.08327990551712501,0.3625098104010905,0.5429430107375164,0.6964285714285714,0.0,0.5016129032258064
0.9858156028368796,1.0,0.48717948717956006,0.0,0.923076923076934,0.029914529914520926,0.9615384615384528,0.03637523931078496,0.0,0.07487767842078621,0.3202114915940353,0.5367347226729502,0.875,0.2147435897435897,0.5177419354838709
0.9763593380614566,0.9686274509803923,0.48717948717956006,0.0,0.923076923076934,0.05128205128201557,0.9615384615384528,0.0679642629227824,0.0,0.06937742534165682,0.26370358131273497,0.5212704414939399,0.8392857142857143,0.42841880341880334,0.4983870967741935
0.9645390070921849,1.0,0.589743589743648,0.0,0.923076923076934,0.07264957264953864,0.9230769230769198,0.10019144862795148,0.0,0.07251560654631348,0.18274195547110583,0.5133689839572193,0.375,0.6933760683760684,0.7274193548387097
0.9503546099290645,0.9372549019607845,0.43589743589751606,0.0,0.923076923076934,0.09401709401709013,0.8846153846153797,0.1333758774728781,0.0,0.09198582756875315,0.1235904002643645,0.5134818619220295,0.5892857142857143,0.548076923076923,0.5306451612903226
0.9314420803782468,0.9686274509803923,0.589743589743648,0.0,0.923076923076934,0.10256410256408799,0.9230769230769198,0.16528398213146137,0.0,0.10467352792306393,0.04494196373249616,0.5079508416463251,0.48214285714285715,0.548076923076923,0.5016129032258064
0.9267139479905211,0.9058823529411768,0.48717948717956006,0.0,0.8461538461538538,0.11111111111111427,0.8846153846153797,0.19910657306955967,0.0,0.12907035599797534,0.010244124086083703,0.5175454686552001,0.625,0.548076923076923,0.5080645161290323
0.9243498817966724,0.8431372549019613,0.3846153846154152,0.0,0.8461538461538538,0.13247863247863734,0.8461538461538467,0.23324824505424377,0.0,0.15809009617006917,0.0026436449254409466,0.5318809701861076,0.625,0.5566239316239315,0.5209677419354839
0.9172576832151265,0.8745098039215691,0.48717948717956006,0.0,0.8461538461538538,0.15384615384613198,0.8461538461538467,0.2673899170389279,0.0,0.18866205500253075,0.0,0.5461035937522046,0.5892857142857143,0.5651709401709402,0.5209677419354839
0.9172576832151265,0.8745098039215691,0.43589743589751606,0.0,0.8461538461538538,0.17094017094015612,0.8461538461538467,0.3350350989151244,0.0,0.25064956976548,0.003965467388161434,0.5703723561864179,0.5892857142857143,0.5566239316239315,0.5403225806451613
0.9125295508274007,0.8745098039215691,0.538461538461604,0.0,0.8461538461538538,0.1923076923076792,0.8076923076922995,0.40268028079132095,0.0,0.3129745233676396,0.019496881325127016,0.5897873661337886,0.5535714285714286,0.5566239316239315,0.5274193548387096
0.9125295508274007,0.8117647058823536,0.3846153846154152,0.0,0.8461538461538538,0.2179487179487012,0.7692307692307665,0.4709636247606892,0.0,0.375130757550194,0.04626378619521666,0.6044615015591268,0.5535714285714286,0.5737179487179487,0.5274193548387096
0.9078014184397034,0.8117647058823536,0.43589743589751606,0.0,0.7692307692307736,0.23504273504272533,0.7692307692307665,0.5386088066368857,0.0,0.43570102918845954,0.08162253707298937,0.614507640427243,0.5535714285714286,0.5566239316239315,0.5177419354838709
0.9078014184397034,0.7803921568627459,0.3846153846154152,0.0,0.7692307692307736,0.2564102564102484,0.7307692307692264,0.606573069559668,0.0,0.4944153872110679,0.1275558676525259,0.6228606098232049,0.5535714285714286,0.5224358974358974,0.4951612903225806
0.8983451536642804,0.7490196078431381,0.3846153846154152,0.0,0.7692307692307736,0.26495726495724625,0.7307692307692264,0.6407147415443522,0.0,0.5226590180529779,0.15333140567557524,0.6272628504508063,0.5535714285714286,0.5138888888888888,0.48870967741935484
0.9030732860520061,0.7490196078431381,0.3333333333334281,0.0,0.7692307692307736,0.27350427350427253,0.7307692307692264,0.6738991703892788,0.0,0.5487430403239412,0.18009831054566483,0.628278752134099,0.5535714285714286,0.4882478632478632,0.482258064516129
0.9030732860520061,0.7176470588235304,0.3333333333334281,0.0,0.7692307692307736,0.2863247863247693,0.7307692307692264,0.7077217613273771,0.0,0.5740846971486417,0.2091784047255153,0.6312135792191667,0.5535714285714286,0.4711538461538461,0.4790322580645161
0.9054373522458548,0.654901960784315,0.23076923076928324,0.0,0.7692307692307736,0.2948717948717956,0.6923076923076934,0.7412252712188896,0.0,0.5969967943310274,0.2399107769837664,0.6323423588672696,0.5892857142857143,0.4882478632478632,0.4596774193548387
0.9030732860520061,0.7176470588235304,0.3846153846154152,0.0,0.7692307692307736,0.3076923076922924,0.6923076923076934,0.7740906190172303,0.0,0.6170744052640459,0.27262588293609813,0.6326809927617005,0.5892857142857143,0.4882478632478632,0.4241935483870968
0.9078014184397034,0.7490196078431381,0.3846153846154152,0.0,0.7692307692307736,0.3119658119657913,0.6923076923076934,0.8075941289087427,0.0,0.635296102581407,0.31062827873931187,0.6312135792191667,0.5892857142857143,0.4711538461538461,0.39838709677419354
0.9196217494089751,0.654901960784315,0.23076923076928324,0.0,0.7692307692307736,0.32905982905981546,0.6923076923076934,0.8398213146139119,0.0,0.6501096676227432,0.35028295262092607,0.628278752134099,0.5535714285714286,0.4455128205128205,0.3790322580645161
0.9361702127659441,0.5921568627450995,0.0769230769232081,0.0,0.7692307692307736,0.3376068376068133,0.6538461538461462,0.8717294192724951,0.0,0.643900792981272,0.4252963773803131,0.6227477318583946,0.16071428571428575,0.0,0.21774193548387097
0.9456264775413672,0.6862745098039227,0.2820512820513841,0.0,0.6923076923076934,0.3461538461538396,0.6538461538461462,0.9036375239310784,0.0,0.6372195039649063,0.5092321037630633,0.617555345477121,0.5178571428571429,0.16346153846153844,0.3467741935483871
0.9598108747044876,0.5921568627450995,0.1282051282052521,0.0,0.6923076923076934,0.35470085470083745,0.6538461538461462,0.9352265475430759,0.0,0.6382655643664584,0.5687141145854848,0.6159750539697769,0.5178571428571429,0.22329059829059825,0.34354838709677415
0.9716312056737593,0.6235294117647072,0.23076923076928324,0.0,0.6923076923076934,0.3632478632478353,0.6538461538461462,0.9687300574345883,0.0,0.6380293571790112,0.6371184270312694,0.6152977861809151,0.5535714285714286,0.12072649572649569,0.3532258064516129
0.9810874704491539,0.6235294117647072,0.23076923076928324,0.0,0.6923076923076934,0.3717948717948616,0.6538461538461462,0.9980855137204849,0.0,0.6328665429390922,0.7005659052418522,0.6183454912307931,0.5892857142857143,0.09508547008547005,0.3629032258064516
0.6903073286052006,0.8745098039215691,0.846153846153868,0.0,0.6153846153846274,0.3247863247863165,0.6923076923076934,0.00478621569878751,0.0,0.07899443225915302,0.38365896980461817,0.5220605872476118,0.0,0.9583333333333333,0.982258064516129
0.6666666666666572,0.7803921568627459,0.74358974358978,0.0,0.6153846153846274,0.3717948717948616,0.6538461538461462,0.06892150606253988,0.0,0.08169394297283616,0.2673385930852163,0.4959857773764339,0.26785714285714285,0.5993589743589742,0.7629032258064516
0.6312056737588705,0.7803921568627459,0.794871794871824,0.0,0.538461538461533,0.40598290598290987,0.6153846153846132,0.14103382259093808,0.0,0.21113548169394294,0.07930934776322855,0.3904448802788085,0.05357142857142849,0.6506410256410255,0.6790322580645161
0.6217494089834474,0.7176470588235304,0.74358974358978,0.0,0.538461538461533,0.42735042735043294,0.6153846153846132,0.21027440970006378,0.0,0.29458410663067314,0.07765706968482795,0.4056834055281983,0.1964285714285714,0.7446581196581197,0.6725806451612903
0.6217494089834474,0.6862745098039227,0.692307692307736,0.0,0.538461538461533,0.45299145299145493,0.5769230769230731,0.2795149968091895,0.0,0.37421967268432593,0.1044239745549176,0.4039902360560439,0.017857142857142794,0.7532051282051282,0.6887096774193548
0.6193853427895988,0.654901960784315,0.6410256410257489,0.0,0.538461538461533,0.4743589743589496,0.5384615384615401,0.3484365028717294,0.0,0.45044710646195374,0.136147713660209,0.4269044629125337,0.30357142857142855,0.7532051282051282,0.6790322580645161
0.6170212765957217,0.6235294117647072,0.6410256410257489,0.0,0.538461538461533,0.49572649572647265,0.5384615384615401,0.41703892788768343,0.0,0.5248186266239243,0.1890206121690281,0.4269044629125337,0.26785714285714285,0.7532051282051282,0.6629032258064516
0.6217494089834474,0.5607843137254918,0.538461538461604,0.0,0.461538461538467,0.5170940170939957,0.4999999999999929,0.4856413529036375,0.0,0.594027332545976,0.25345945722665125,0.4252112934403793,0.26785714285714285,0.7446581196581197,0.6306451612903226
0.6217494089834474,0.5921568627450995,0.589743589743648,0.0,0.461538461538467,0.5384615384615472,0.4999999999999929,0.553286534779834,0.0,0.6585456386030031,0.32615969267627737,0.4167454460796072,0.23214285714285715,0.6933760683760684,0.5919354838709677
0.6170212765957217,0.4980392156862763,0.48717948717956006,0.0,0.461538461538467,0.5555555555555429,0.4615384615384599,0.6215698787492023,0.0,0.7200944828749788,0.40679086290222644,0.41426213085378066,0.23214285714285715,0.6677350427350426,0.4661290322580645
0.6217494089834474,0.5607843137254918,0.589743589743648,0.0,0.461538461538467,0.576923076923066,0.4615384615384599,0.6550733886407147,0.0,0.7492829424666778,0.4464455367838407,0.41584242236112484,0.30357142857142855,0.6762820512820512,0.4241935483870968
0.6193853427895988,0.4980392156862763,0.48717948717956006,0.0,0.461538461538467,0.5982905982905891,0.4230769230769198,0.688895979578813,0.0,0.7775940610764298,0.4877524887438557,0.41730983590365867,0.375,0.6677350427350426,0.3887096774193548
0.6193853427895988,0.4039215686274531,0.3333333333334281,0.0,0.461538461538467,0.6068376068375869,0.3846153846153868,0.7223994894703254,0.0,0.8037118272313142,0.5326944524763517,0.4108757919094719,0.3392857142857143,0.6335470085470085,0.3467741935483871
0.6193853427895988,0.46666666666666856,0.48717948717956006,0.0,0.461538461538467,0.6196581196581121,0.4230769230769198,0.7559029993618378,0.0,0.8287160452168043,0.5782973274402082,0.40715081907073214,0.3392857142857143,0.625,0.34354838709677415
0.6217494089834474,0.4039215686274531,0.3846153846154152,0.0,0.3846153846153868,0.62820512820511,0.3846153846153868,0.7890874282067645,0.0,0.8475113885608232,0.6205956462472634,0.4109886698742822,0.30357142857142855,0.5993589743589742,0.30483870967741933
0.6241134751772961,0.43529411764706083,0.48717948717956006,0.0,0.3846153846153868,0.6410256410256352,0.3846153846153868,0.822271857051691,0.0,0.8607052471739497,0.6635548762856789,0.41347198510010863,0.26785714285714285,0.7446581196581197,0.2693548387096774
0.6643026004728085,0.5921568627450995,0.74358974358978,0.0,0.3846153846153868,0.653846153846132,0.4230769230769198,0.854818123803446,0.0,0.8384005399021427,0.8605064232310299,0.3559042230468585,0.3392857142857143,0.0,0.0
0.6761229314420802,0.4039215686274531,0.43589743589751606,0.0,0.3846153846153868,0.6666666666666572,0.3846153846153868,0.8844926611359284,0.0,0.8398177830268263,0.9569994630096244,0.3323127284015069,0.26785714285714285,0.0,0.0
0.704491725768321,0.43529411764706083,0.48717948717956006,0.0,0.3846153846153868,0.6794871794871824,0.3846153846153868,0.9125717932354818,0.0,0.793251223215792,1.0,0.35962919588559816,0.7678571428571429,1.0,0.29193548387096774
0.72104018912529,0.3098039215686299,0.23076923076928324,0.0,0.3846153846153868,0.6923076923076792,0.3076923076923066,0.9454371410338225,0.0,0.7900455542432933,1.0,0.34066569779746875,1.0,1.0,0.10483870967741937
